{
	"name": "DevOps OpenHack",
	"dockerFile": "Dockerfile",
	//"runArgs": [ "--cap-add=SYS_PTRACE", "--security-opt", "seccomp=unconfined" ],
	// Docker in docker
	"mounts": [ "source=/var/run/docker.sock,target=/var/run/docker.sock,type=bind" ],

	// Set *default* container specific settings.json values on container create.
	"settings": { 
		"terminal.integrated.shell.linux": "/bin/bash",
	},
	
	// Add the IDs of extensions you want installed when the container is created.
	"extensions": [
		"redhat.vscode-yaml",
		"github.vscode-pull-request-github",
		"ms-vscode.azure-account",
		"ms-azuretools.vscode-azureappservice",
		"golang.go",
		"vscjava.vscode-java-pack",
		"hashicorp.terraform",
		"ms-azuretools.vscode-docker",
		"ms-vscode.vscode-node-azure-pack",
		"ms-azuretools.vscode-azureterraform",
		"msjsdiag.debugger-for-edge"
	],

	// Use 'forwardPorts' to make a list of ports inside the container available locally.
	// "forwardPorts": [],

	// Use 'postCreateCommand' to run commands after the container is created.
	// "postCreateCommand": "go version",

	// Uncomment to connect as a non-root user. See https://aka.ms/vscode-remote/containers/non-root.
	"remoteUser": "vscode"
}